{
    "race": {
        "sand_track": 13.336739200000011,
        "grass_track": 16.50960889999999,
        "snow_track": 28.45993779999992,
        "forest_track": 22.98074440000005,
        "savannah_track": 14.032277800000031,
        "lake_track": 40.63442090000012
    },
    "time_trial": {
        "sand_track": 0,
        "grass_track": 0,
        "snow_track": 0,
        "forest_track": 0,
        "savannah_track": 0,
        "lake_track": 0
    },
    "drift": {
        "sand_track": 537,
        "grass_track": 192,
        "snow_track": 0,
        "forest_track": 0,
        "savannah_track": 0,
        "lake_track": 0
    }
}